{"cameraMode":{"drawMode":0,"name":"Shaded","section":"Shading Mode"},"sceneLighting":false,"audioPlay":false,"sceneViewState":{"showFog":true,"showMaterialUpdate":false,"showSkybox":false,"showFlares":true,"showImageEffects":true,"showParticleSystems":true,"showVisualEffectGraphs":true,"m_FxEnabled":true},"in2DMode":false,"pivot":{"x":1.4079999923706055,"y":1.0570000410079957,"z":-2.121999979019165},"rotation":{"x":0.35538196563720705,"y":0.00360170379281044,"z":-0.001390188466757536,"w":0.9347595572471619},"size":0.08660245686769486,"orthographic":false}