{"cameraMode":{"drawMode":0,"name":"Shaded","section":"Shading Mode"},"sceneLighting":true,"audioPlay":false,"sceneViewState":{"showFog":true,"showMaterialUpdate":false,"showSkybox":true,"showFlares":true,"showImageEffects":true,"showParticleSystems":true,"showVisualEffectGraphs":true,"m_FxEnabled":true},"in2DMode":false,"pivot":{"x":-0.356365829706192,"y":10.367920875549317,"z":-10.554946899414063},"rotation":{"x":0.35538196563720705,"y":0.00360170379281044,"z":-0.001390188466757536,"w":0.9347595572471619},"size":0.8660253882408142,"orthographic":false}